id, type, attributes
210, Purple Female, Earring / Straight Hair Dark
345, Blue Female, Earring / Messy Hair Blonde
357, Blue Female, Earring / Blonde Side
486, Blue Female, Hot Lipstick / Straight Hair Blonde
507, Red Female, Hot Lipstick / Dark Hair
529, Red Female, Headband
667, Red Female, Hot Lipstick / Mohawk Dark
767, Red Female, Black Lipstick / Earring / Pink Short
875, Blue Female, Earring / Wild White Hair / Regular Shades
1049, Purple, Crazy Hair
1050, Red Female, 
1070, Red Female, Earring / Pink With Hat
1115, Purple Female, Hot Lipstick / Wild White Hair
1211, Aqua, Cap Forward
1232, Purple Female, Pigtails
1438, Purple Female, Messy Hair Green
1628, Red Female, Hot Lipstick / Stringy Hair
1645, Blue Female, Purple Lipstick / Earring / Half Shaved Purple
1652, Purple Female, Hot Lipstick / Earring / Blonde Side / Cigarette
1725, Red Female, Hot Lipstick / Messy Hair
1758, Purple Female, Earring / Mohawk / Regular Shades
1759, Purple Female, Hot Lipstick / Half Shaved Purple
1871, Red, Headband
1888, Red Female, Earring / Wild Blonde
1918, Purple Female, Hot Lipstick / Earring / Blonde Bob
1919, Purple, Peak Spike
1931, Blue Female, Earring / Pigtails Red
1958, Blue Female, Hot Lipstick / Blonde Short
1963, Purple Female, Medical Mask
2195, Red Female, Hot Lipstick / Wild Hair
2206, Blue Female, Dark Hair / Horned Rim Glasses
2242, Purple, Cap
2261, Red, Peak Spike
2466, Purple, Wild Hair
2549, Blue Female, Black Lipstick / Earring / Pigtails Blonde
2693, Aqua, Frumpy Hair
2775, Purple Female, Earring / Headband
2844, Red Female, Black Lipstick / Pigtails Red
2900, Red Female, Earring / Half Shaved Purple
2909, Blue Female, Black Lipstick / Pink Short
2951, Aqua, Police Cap
2984, Blue Female, Hot Lipstick / Red Mohawk / Regular Shades
3030, Purple Female, Stringy Hair / Clown Eyes Blue
3118, Purple Female, Hot Lipstick / Knitted Cap
3277, Blue Female, Earring / Pigtails Red / Regular Shades
3288, Purple, Mohawk Dark
3333, Red Female, Earring / Messy Hair Green / Clown Eyes Green
3465, Blue Female, Hot Lipstick / Straight Hair / Big Shades
3481, Red Female, Hot Lipstick / Dark Hair / Clown Eyes Blue
3487, Purple Female, Hot Lipstick / Bandana
3490, Red Female, Hot Lipstick / Earring / Wild White Hair / Blue Eye Shadow
3510, Purple Female, Hot Lipstick / Frumpy Hair
3526, Purple Female, Hot Lipstick / Earring / Cap
3560, Purple Female, Blonde Short / Clown Eyes Blue
3594, Purple Female, Hot Lipstick / Wild Blonde
3678, Purple Female, Purple Lipstick / Earring / Messy Hair Blonde
3791, Blue Female, Mole / Earring / Pigtails Red
3822, Purple, Headband
3841, Red Female, Earring / Orange Side
3867, Purple Female, Hot Lipstick / White Side
3889, Purple, Police Cap
3951, Blue Female, Earring / Mohawk Thin / Purple Eye Shadow
3970, Purple Female, Earring / Pink Short / Clown Eyes Blue
3975, Red Female, Hot Lipstick / Earring / Blonde Side
3984, Purple Female, Pigtails Blonde / Green Eye Shadow
4030, Purple Female, Hot Lipstick / Earring / Wild Hair / Cigarette
4044, Purple Female, Hot Lipstick / Half Shaved Purple / Green Eye Shadow
4065, Blue Female, Hot Lipstick / Earring / Half Shaved / Cigarette
4106, Blue Female, Earring / Blonde Side / Blue Eye Shadow
4117, Purple Female, Hot Lipstick / Stringy Hair / Clown Eyes Green
4120, Red Female, Hot Lipstick / Mohawk Thin
4190, Red Female, Hot Lipstick / Earring / Half Shaved
4194, Red Female, Hot Lipstick / Stringy Hair / Clown Nose
4249, Purple Female, Hot Lipstick / Earring / Messy Hair
4286, Purple Female, Hot Lipstick / Earring / Straight Hair Blonde / Green Eye Shadow
4344, Purple Female, Hot Lipstick / Frumpy Hair / Clown Eyes Green
4365, Red Female, Hot Lipstick / Cap
4465, Blue Female, Hot Lipstick / Earring / Wild Hair / Blue Eye Shadow
4512, Red Female, Hot Lipstick / Bandana / Clown Eyes Green
4548, Blue Female, Hot Lipstick / Red Mohawk
4612, Red Female, Purple Lipstick / Earring / Messy Hair Green
4621, Red Female, Blonde Side / Green Eye Shadow
4643, Purple Female, Hot Lipstick / Mohawk / Green Eye Shadow
4694, Aqua, Do-rag
4722, Blue Female, Hot Lipstick / Straight Hair
4756, Blue Female, Hot Lipstick / Straight Hair Dark / Clown Eyes Blue
4781, Aqua, Mohawk Thin
4788, Blue Female, Hot Lipstick / Earring / Pink Short
4813, Blue Female, Hot Lipstick / Earring / Mohawk Thin
4842, Purple, Earring / Red Mohawk
4895, Blue Female, Wild White Hair / Clown Eyes Blue
4996, Red Female, Hot Lipstick / Earring / Red Mohawk
4997, Blue Female, Hot Lipstick / Straight Hair Dark / Purple Eye Shadow
5069, Purple Female, Straight Hair Dark / Green Eye Shadow
5082, Purple Female, Hot Lipstick / Blonde Short / Eye Patch
5131, Aqua, Earring / Purple Hair
5164, Purple Female, Hot Lipstick / Half Shaved / VR
5177, Purple Female, Hot Lipstick / Straight Hair Blonde / Clown Eyes Green
5199, Blue Female, Hot Lipstick / Messy Hair / Nerd Glasses
5221, Red Female, Hot Lipstick / White Side / Big Shades
5331, Red Female, Earring / Messy Hair Blonde / Cigarette
5343, Purple Female, Pigtails Blonde / Clown Eyes Blue
5345, Blue Female, Straight Hair Blonde / Clown Eyes Blue
5432, Blue Female, Hot Lipstick / Mohawk
5466, Aqua, 
5467, Purple Female, Hot Lipstick / Earring / Stringy Hair
5491, Red, Police Cap
5567, Blue Female, Messy Hair / Purple Eye Shadow
5619, Purple Female, Hot Lipstick / Earring / Messy Hair Blonde
5692, Blue Female, Hot Lipstick / Earring / Tiara / Purple Eye Shadow
5743, Red Female, Earring / Pink Short
5744, Blue Female, Frumpy Hair / Big Shades
5815, Red Female, Wild Hair / Clown Eyes Blue
5843, Red Female, Frumpy Hair / Green Eye Shadow
5956, Aqua, Cap
6029, Purple Female, Earring / Messy Hair Green / Purple Eye Shadow
6078, Purple Female, Hot Lipstick / Red Mohawk / Clown Eyes Blue
6081, Red, 
6084, Blue Female, Purple Lipstick / White Side
6133, Purple Female, Hot Lipstick / White Side / Purple Eye Shadow
6231, Purple Female, Hot Lipstick / Choker / Half Shaved
6256, Red Female, Hot Lipstick / Earring / Blonde Short
6292, Red Female, Headband / Blue Eye Shadow
6340, Red Female, Hot Lipstick / Mole / Earring / Dark Hair
6377, Blue Female, Hot Lipstick / Wild Blonde / Regular Shades
6447, Red, Do-rag
6475, Aqua, Mohawk
6512, Blue Female, Hot Lipstick / Knitted Cap / Clown Eyes Blue
6569, Red Female, Hot Lipstick / Earring / Dark Hair / Cigarette
6577, Blue Female, Hot Lipstick / Spots / Blonde Bob
6583, Purple, Big Beard / Bandana
6586, Red, Cap
6632, Aqua, Shaved Head
6633, Aqua, Earring / Stringy Hair / 3D Glasses
6652, Aqua, Messy Hair
6661, Red, Wild Hair
6714, Blue Female, Blonde Short / Regular Shades
6717, Aqua, Stringy Hair
6816, Red Female, Hot Lipstick / Blonde Bob / Clown Eyes Blue
6819, Red, Buck Teeth / Front Beard Dark / Cap
6902, Red Female, Black Lipstick / Half Shaved Purple / Blue Eye Shadow
6924, Purple Female, Hot Lipstick / Pigtails / Clown Eyes Blue
7031, Purple, Cowboy Hat
7044, Red Female, Hot Lipstick / Earring / Messy Hair Green / Green Eye Shadow
7051, Purple, Shaved Head
7052, Red Female, Hot Lipstick / Straight Hair Blonde / Regular Shades
7130, Red, Shaved Head
7136, Blue Female, Hot Lipstick / Earring / Crazy Hair
7166, Red, Purple Hair
7229, Blue Female, Hot Lipstick / Wild White Hair / Purple Eye Shadow
7322, Red Female, Straight Hair Blonde / Nerd Glasses
7338, Red Female, Hot Lipstick / Earring / Messy Hair Green
7448, Blue Female, Crazy Hair / Blue Eye Shadow
7469, Blue Female, Earring / Pigtails Red / Nerd Glasses
7556, Purple Female, Mohawk Thin / Clown Eyes Green
7568, Red Female, Hot Lipstick / Dark Hair / Blue Eye Shadow
7579, Purple, Earring / Messy Hair
7587, Blue Female, Earring / Pigtails Red / Eye Mask
7610, Red Female, Hot Lipstick / Mohawk / Clown Eyes Green
7660, Purple, Do-rag
7694, Purple Female, Hot Lipstick / Pigtails / Nerd Glasses
7711, Red, Frumpy Hair
7715, Blue Female, Hot Lipstick / Wild White Hair / Classic Shades
7835, Purple, Handlebars / Mohawk
7892, Aqua, Cowboy Hat
7904, Blue Female, Hot Lipstick / Earring / Crazy Hair / Clown Eyes Blue
7940, Red Female, Hot Lipstick / Earring / Red Mohawk / Big Shades
7958, Blue Female, Hot Lipstick / Clown Hair Green
8018, Purple Female, Hot Lipstick / Crazy Hair
8054, Purple Female, Bandana / Blue Eye Shadow
8149, Blue Female, Straight Hair Blonde / Purple Eye Shadow
8206, Red Female, Stringy Hair / Medical Mask
8213, Aqua, Knitted Cap
8251, Blue Female, Blonde Side / Pipe
8262, Red, Earring / Messy Hair
8369, Aqua, Earring / Hoodie
8373, Purple, Mohawk Thin
8465, Blue Female, Purple Lipstick / Pink Short / Cigarette
8482, Purple, Purple Hair
8548, Blue Female, Hot Lipstick / Bandana / Clown Eyes Blue
8551, Purple, Earring / Knitted Cap
8566, Purple Female, Wild Blonde / Vape
8662, Purple Female, Mole / Bandana
8719, Blue Female, Hot Lipstick / Earring / Messy Hair Blonde / Blue Eye Shadow
8723, Red Female, Wild Blonde / Cigarette
8765, Purple Female, Straight Hair Dark / Horned Rim Glasses
8782, Red Female, Half Shaved Purple / Classic Shades
8801, Red, Top Hat
8811, Red, Buck Teeth / Handlebars / Vampire Hair
8829, Purple Female, Mole / Red Mohawk
8836, Red Female, Hot Lipstick / Straight Hair / Purple Eye Shadow
8893, Purple Female, Hot Lipstick / Messy Hair / VR
8903, Blue Female, Hot Lipstick / Earring / Bandana
8928, Blue Female, Hot Lipstick / VR
8962, Red Female, Blonde Side / Nerd Glasses
8973, Blue Female, Mole / Frumpy Hair
8976, Blue Female, Dark Hair / Classic Shades
8977, Blue Female, Hot Lipstick / Earring / Crazy Hair / Cigarette
9148, Red Female, Mohawk Dark / Medical Mask
9177, Purple Female, Hot Lipstick / Half Shaved / Purple Eye Shadow
9253, Red Female, Hot Lipstick / Earring / Half Shaved Purple
9300, Purple, Cap Forward
9303, Purple Female, Mohawk Dark / Clown Eyes Blue
9317, Red Female, Hot Lipstick / Orange Side
9358, Purple Female, Earring / Blonde Side / Blue Eye Shadow
9395, Blue Female, Hot Lipstick / Mole / Earring / Half Shaved
9417, Red Female, Purple Lipstick / Earring / Blonde Side
9456, Red Female, Hot Lipstick / Frumpy Hair / Nerd Glasses
9460, Blue Female, Hot Lipstick / Earring / Pigtails
9491, Blue Female, Earring / Messy Hair Green
9531, Red Female, Earring / Clown Hair Green
9550, Red Female, Hot Lipstick / Earring / Straight Hair Dark / Classic Shades
9563, Red Female, Crazy Hair / Laser Eyes Gold
9592, Blue Female, Hot Lipstick / Blue Eye Shadow
9653, Aqua, Messy Hair / Classic Shades
9764, Purple, Buck Teeth / Front Beard Dark / Mohawk Dark
9868, Purple Female, Hot Lipstick / Earring / Mohawk Dark
9926, Blue Female, Hot Lipstick / Tiara
9937, Red Female, Hot Lipstick / Wild Hair / Laser Eyes Gold
9966, Red Female, Hot Lipstick / Earring / Wild Hair / Eye Patch
9992, Red, Chinstrap / Bandana
